"","var","p.value"
"1","length",0.000499811433198526
"2","avgDiam",0.000106739860741469
"3","rootVolume",6.95595020776325e-05
"4","FRL",0.000525678042206449
"5","CRL",4.40434735788402e-05
"6","FRS",0.00269272347611145
"7","CRS",6.15496621530119e-05
"8","weight",0.456129765626598
